num_blocks,trial,time_ms,throughput
1,1,1.069056,407836.44
1,2,0.747520,583262.00
1,3,0.745472,584864.31
1,4,0.862208,505678.44
1,5,0.815328,534754.12
1,6,0.806688,540481.56
1,7,0.796640,547298.62
1,8,0.790528,551530.12
1,9,0.802816,543088.38
1,10,0.805504,541276.00
1,avg,0.824176,534007.00
2,1,0.739968,1178429.38
2,2,0.743264,1173203.50
2,3,0.743424,1172951.12
2,4,0.734560,1187105.12
2,5,0.759456,1148190.38
2,6,0.737760,1181956.25
2,7,0.745472,1169728.62
2,8,0.739200,1179653.75
2,9,0.762720,1143276.62
2,10,0.747520,1166524.00
2,avg,0.745334,1170101.88
4,1,0.759360,2296670.75
4,2,0.739328,2358898.75
4,3,0.729088,2392029.50
4,4,0.785280,2220864.00
4,5,0.882688,1975783.12
4,6,0.816512,2135914.75
4,7,0.774080,2252997.25
4,8,0.751584,2320432.50
4,9,0.754976,2310007.25
4,10,0.755712,2307757.50
4,avg,0.774861,2257135.50
8,1,0.767040,4547351.00
8,2,0.759808,4590633.50
8,3,0.759712,4591214.00
8,4,0.757152,4606736.50
8,5,0.761824,4578485.00
8,6,0.765600,4555904.00
8,7,0.735232,4744080.50
8,8,0.755936,4614147.00
8,9,0.743968,4688373.50
8,10,0.740000,4713513.50
8,avg,0.754627,4623043.50
16,1,0.741568,9407094.00
16,2,0.739296,9436004.00
16,3,0.746272,9347798.00
16,4,0.802944,8688028.00
16,5,0.856192,8147705.50
16,6,0.790784,8821625.00
16,7,0.786432,8870443.00
16,8,0.793184,8794933.00
16,9,0.792736,8799903.00
16,10,0.784384,8893603.00
16,avg,0.783379,8920714.00
32,1,0.801760,17401716.00
32,2,0.798368,17475652.00
32,3,0.794624,17557990.00
32,4,0.790432,17651108.00
32,5,0.784288,17789384.00
32,6,0.794624,17557990.00
32,7,0.791968,17616874.00
32,8,0.761632,18318556.00
32,9,0.751616,18562670.00
32,10,0.754272,18497306.00
32,avg,0.782358,17842924.00
