num_blocks,trial,time_ms,throughput
1,1,0.280736,1553060.62
1,2,0.184320,2365451.50
1,3,0.179968,2422652.75
1,4,0.202496,2153128.75
1,5,0.186688,2335447.25
1,6,0.181216,2405968.50
1,7,0.170912,2551020.50
1,8,0.167936,2596227.25
1,9,0.183904,2370802.00
1,10,0.178336,2444823.50
1,avg,0.191651,2319858.50
2,1,0.177504,4912565.50
2,2,0.174912,4985363.50
2,3,0.157696,5529627.00
2,4,0.158848,5489524.50
2,5,0.174368,5000918.00
2,6,0.186432,4677308.50
2,7,0.184320,4730903.00
2,8,0.188416,4628057.00
2,9,0.188416,4628057.00
2,10,0.190464,4578293.00
2,avg,0.178138,4916061.00
4,1,0.170880,10205992.00
4,2,0.172128,10131994.00
4,3,0.159680,10921844.00
4,4,0.163840,10644531.00
4,5,0.178272,9782804.00
4,6,0.176128,9901890.00
4,7,0.192736,9048647.00
4,8,0.193952,8991915.00
4,9,0.184320,9461806.00
4,10,0.197120,8847403.00
4,avg,0.178906,9793882.00
8,1,0.174464,19992662.00
8,2,0.172608,20207638.00
8,3,0.172256,20248932.00
8,4,0.178176,19576148.00
8,5,0.178496,19541054.00
8,6,0.182272,19136236.00
8,7,0.182016,19163150.00
8,8,0.164000,21268294.00
8,9,0.159584,21856828.00
8,10,0.162176,21507498.00
8,avg,0.172605,20249844.00
16,1,0.160480,43469592.00
16,2,0.162496,42930288.00
16,3,0.160576,43443600.00
16,4,0.160416,43486932.00
16,5,0.160864,43365824.00
16,6,0.161792,43117092.00
16,7,0.160256,43530352.00
16,8,0.161888,43091520.00
16,9,0.163840,42578124.00
16,10,0.163840,42578124.00
16,avg,0.161645,43159144.00
32,1,0.161152,86576648.00
32,2,0.161920,86166016.00
32,3,0.160864,86731648.00
32,4,0.163968,85089776.00
32,5,0.159968,87217440.00
32,6,0.162496,85860576.00
32,7,0.159616,87409784.00
32,8,0.163264,85456680.00
32,9,0.159488,87479936.00
32,10,0.162976,85607704.00
32,avg,0.161571,86359624.00
